question,medaille,moyenne
Question 2 b,f,23.7225969645868465
Question 2 b,t,24.9049429657794677
